artifact,exists,kind,size_bytes
actions.jsonl,True,file,362157
artifact_manifest.json,True,file,12987
asset_flow.jsonl,True,file,39216
auction_threads.jsonl,True,file,1095
behavioral_flags.jsonl,True,file,93663
cash_flow.jsonl,True,file,64223
cost_report.json,True,file,3247
decision_index.json,True,file,181546
decisions.jsonl,True,file,25293712
event_hashes.json,True,file,625802
events.jsonl,True,file,1308293
experiment_manifest.json,True,file,3597
failure_findings.jsonl,True,file,34472
failure_summary.json,True,file,482
negotiation_threads.jsonl,True,file,41177
player_timelines.json,True,file,773215
players.json,True,file,1095
pricing_snapshot.json,True,file,526195
prompts,True,directory,13611491
replay_diff.json,True,file,558
replay_flags.jsonl,True,file,564676
replay_navigation.json,True,file,75701
replay_report.json,True,file,1960
state_replay_report.json,True,file,1305
artifact_replay_report.json,True,file,1118
replay_steps.jsonl,True,file,2121254
review_cost_aggregate.json,True,file,1280677
review_cost_calls.jsonl,True,file,612214
review_queue.jsonl,True,file,96087
run_config.json,True,file,2341
scorecard_decisions.jsonl,True,file,231467
scorecard_events.jsonl,True,file,643471
scorecard_players.json,True,file,9618
scorecard.json,True,file,884889
seat_assignment.json,True,file,998
state,True,directory,4640825
summary.json,True,file,6371
timeline.json,True,file,843154
trace_findings.jsonl,True,file,478495
trace_summary.json,True,file,1121
turn_index.json,True,file,56331
usage_attempts.jsonl,True,file,510810
usage_decisions.jsonl,True,file,381483
usage.json,True,file,3571
