episode_id,factual_label,deception_label,coordination_label,promise_status,public_private_label,negotiation_mechanisms,confidence,insufficient_evidence,benign_alternative,atomic_proposition,objective_source_fact,materiality,rationale
CAL-004,,,,,,,,,,,,,
CAL-012,,,,,,,,,,,,,
CAL-005,,,,,,,,,,,,,
CAL-023,,,,,,,,,,,,,
CAL-018,,,,,,,,,,,,,
CAL-016,,,,,,,,,,,,,
CAL-015,,,,,,,,,,,,,
CAL-020,,,,,,,,,,,,,
CAL-019,,,,,,,,,,,,,
CAL-009,,,,,,,,,,,,,
CAL-021,,,,,,,,,,,,,
CAL-002,,,,,,,,,,,,,
CAL-010,,,,,,,,,,,,,
CAL-013,,,,,,,,,,,,,
CAL-011,,,,,,,,,,,,,
CAL-024,,,,,,,,,,,,,
CAL-017,,,,,,,,,,,,,
CAL-007,,,,,,,,,,,,,
CAL-022,,,,,,,,,,,,,
CAL-014,,,,,,,,,,,,,
CAL-006,,,,,,,,,,,,,
CAL-003,,,,,,,,,,,,,
CAL-001,,,,,,,,,,,,,
CAL-008,,,,,,,,,,,,,
